Title,Price,Rating
A Light in the Attic,£45.17,Three
Tipping the Velvet,£45.17,One
Soumission,£45.17,One
Sharp Objects,£45.17,Four
Sapiens: A Brief History of Humankind,£45.17,Five
The Requiem Red,£45.17,One
The Dirty Little Secrets of Getting Your Dream Job,£45.17,Four
The Coming Woman: A Novel Based on the Life of the Infamous Feminist| Victoria Woodhull,£45.17,Three
The Boys in the Boat: Nine Americans and Their Epic Quest for Gold at the 1936 Berlin Olympics,£45.17,Four
The Black Maria,£45.17,One
Starving Hearts (Triangular Trade Trilogy| #1),£45.17,Two
Shakespeare's Sonnets,£45.17,Four
Set Me Free,£45.17,Five
Scott Pilgrim's Precious Little Life (Scott Pilgrim #1),£45.17,Five
Rip it Up and Start Again,£45.17,Five
Our Band Could Be Your Life: Scenes from the American Indie Underground| 1981-1991,£45.17,Three
Olio,£45.17,One
Mesaerion: The Best Science Fiction Stories 1800-1849,£45.17,One
Libertarianism for Beginners,£45.17,Two
It's Only the Himalayas,£45.17,Two
